COD SAP;ITEM PÁSCOA 2025;Grupo;PEDIDO LOJA;PEDIDO VD
1003516;OVO CHOC CACAU CLASSICOS TRUFA 280GX12UN;LENÇO;;
1003275;OVO CHOC AO LEITE LACREME RECH 400GX6UN;DREAMS;;
1003868;OVO CHOC CACAU DREAMS DUBAI PIS 400GX6UN;DREAMS;;
1003988;OVO CHOC CACAU GARRAFA CHASE 170GX6UN;INFANTIL;;
1003989;OVO CHOC CACAU GARRAFA SKYE 170GX6UN;INFANTIL;;
1003902;OVO CHOC CACAU BOLA CBF 170GX6UN;INFANTIL;;
1003504;OVO CHOC BRANCO LACREME 348GX12UN;LENÇO;;
1003863;OVO CHOC AO LEITE LACREME GIAN 348GX12UN;LENÇO;;
1002081;OVO CHOC CACAU DREAMS BROWNIE 400GX6UN;DREAMS;;
1003815;BOMBOM CHOC CACAU MAGIA BRIGAD 130GX24UN;CACAU MAGIA;;
1003930;OVO CHOC CACAU CADERNO BELLAS 170GX6UN;INFANTIL;;
1003932;OVO CHOC CACAU BOLHA CLAUDETE 170GX6UN;INFANTIL;;
1002904;OVO CHOC AO LEITE LACREME ZA 400GX6UN;DREAMS;;
1003931;OVO CHOC CACAU BOLHA LUDOVICO 170GX6UN;INFANTIL;;
1003584;OVO CHOC CACAU MAGIA COELHO 40GX15UN;INFANTIL;;
1003377;BOMBOM CHOC SORT MINISHOW PSC 108GX16UN;PRESENTES;;
1003996;TABLETE CHOC CACAU CHAPEU HP 160GX6UN;INFANTIL;;
1003963;OVO CHOC CACAU FONE SONIC 140GX8UN;INFANTIL;;
1003986;OVO CHOC CACAU CANETAS MONSTROS 170GX6UN;INFANTIL;;
1001133;OVO CHOC CACAU DREAMS MIL FOLHA 400GX6UN;DREAMS;;
1003903;OVO CHOC CACAU MOCHILA BELLAS 170GX8UN;INFANTIL;;
1002558;OVINHOS CHOC CACAU DREAMS RECH 150GX12UN;DREAMS;;
1002063;OVO CHOC CACAU CLASSICOS SORT 700GX6UN;LENÇO;;
1003895;COELHOS E OVOS CHOC CACAU MAGIA 60GX24UN;CACAU MAGIA;;
1003901;OVO CHOC CACAU BOLA NBA 170GX6UN;INFANTIL;;
1003866;OVINHOS CHOC CACAU MAGIA PACK 180GX16UN;CACAU MAGIA;;
1003938;OVO CHOC CACAU PELUCIA SNOOPY 170GX6UN;INFANTIL;;
1003937;OVO CHOC CACAU GOGOS BATMAN 80GX24UN;INFANTIL;;
1003908;OVO CHOC CACAU PELUCIA ANIMADIN 170GX6UN;INFANTIL;;
1003933;OVINHOS CHOC CACAU MAGIA CESTA 80GX24UN;CACAU MAGIA;;
1000972;OVO CHOC CACAU DREAMS BRIGAD 400GX6UN;DREAMS;;
1003960;OVO CHOC CACAU PELUCIA BOB ESPO 170GX6UN;INFANTIL;;
1003965;OVO CHOC CACAU PELUCIA DINO 170GX8UN;INFANTIL;;
1003487;COELHO CHOC CACAU MAGIA ART 70GX18UN;CACAU MAGIA;;
1003822;OVO LACREME 2KGX1UN;LENÇO;;
1003961;OVO CHOC CACAU BYTES FONE VERDE 200GX8UN;INFANTIL;;
1003962;OVO CHOC CACAU BYTES FONE CORAL 200GX8UN;INFANTIL;;
1003890;OVO CHOC CACAU DREAMS MORANGO 400GX6UN;DREAMS;;
1003503;OVO CHOC AO LEITE LACREME 348GX12UN;LENÇO;;
1003936;OVO CHOC CACAU BOLSA LINDINHA 170GX8UN;INFANTIL;;
1003896;OVO CHOC AO LEITE LACREME INTEN 290GX6UN;LENÇO;;
1003491;CHOC CACAU CHOCOARTE 40GX24UN;CACAU MAGIA;;
1003934;OVO CHOC CACAU ESTOJO SCOOBY 170GX8UN;INFANTIL;;
1003958;OVO CHOC CACAU PELUCIA PATRICK 170GX6UN;INFANTIL;;
1003909;OVO CHOC CACAU PELUCIA ZANGADIN 170GX6UN;INFANTIL;;
1003904;OVO CHOC CACAU MOCHILA DINO 170GX8UN;INFANTIL;;
1003891;OVO CHOC CACAU DREAMS COCO 400GX6UN;DREAMS;;
1003220;TABLETE CHOC CACAU MAGIA MICANG 40GX24UN;CACAU MAGIA;;
1003502;OVO CHOC CACAU BENDITO 70% 348GX12UN;LENÇO;;
1002557;OVO CHOC AO LEITE LACREME ZL 180GX12UN;LENÇO;;
1003870;TABLETE CHOC CACAU MACADAMIA 120GX12UN;PREMIUM;;
1003363;COELHO CHOC CACAU MAGIA GRANDE 850GX3UN;CACAU MAGIA;;
1003031;OVO CHOC CACAU DO CHEF DE CORTE 350GX8UN;PREMIUM;;
1003999;OVO CHOC CACAU CHAVEIRO LUFFY 170GX6UN;INFANTIL;;
1003995;OVO CHOC CACAU PELUCIA BATMAN 170GX6UN;INFANTIL;;
1003912;OVO CHOC CACAU ALMOFA TURMATUBE 170GX6UN;INFANTIL;;
1003609;PANE PASQUALE MEZZO 450GX8UN;PREMIUM;;
1003907;PELUCIA DINO DYLAN DE OMBRO 5UN;MAT APOIO;;
1003935;OVO CHOC CACAU BOLSA DOCINHO 170GX8UN;INFANTIL;;
1003917;PANE PASQUALE DOCE DE LEITE 450GX8UN;PREMIUM;;
1003983;OVO CHOC CACAU FANTOCHE PATOLIN 170GX6UN;INFANTIL;;
1003871;TABLETE CHOC CACAU BENDIDO VEG 120GX12UN;PREMIUM;;
1003945;BRINQUEDOS MOSTRUARIO PASCOA 1UN;MAT APOIO;;
1003827;OVO DEGUS CHOC CACAU SPECULOOS 1,22KG;MAT APOIO;;
1003873;CHOC CACAU DEGUS DREAMS COCO 1,22KG;MAT APOIO;;
1003874;CHOC CACAU DEGUS DREAMS MORANGO 1,22KG;MAT APOIO;;
1003840;CHOC AO LEITE DEGUS LC INTENSE 100GX24UN;MAT APOIO;;
1000323;OVO CHOC CACAU MAGIA 80GX24UN;LENÇO;;
1002305;OVO CHOC AO LEITE LACREME ZA 180GX12UN;LENÇO;;
1002505;OVO CHOC CACAU MIAU 200GX12UN;LENÇO;;
1003327;OVO CHOC CACAU DO CHEF DUO RECH 300GX6UN;PREMIUM;;
1003505;OVO CHOC AO LEITE LACREME MEZZ 200GX12UN;LENÇO;;
1003508;OVO CHOC BRANCO LACREME GOLD 348GX12UN;LENÇO;;
1003515;OVO CHOC CACAU CLASSICOS SORT 280GX12UN;LENÇO;;
1003795;OVO CHOC CACAU CLASSICOS CROC 280GX12UN;LENÇO;;
1003818;OVO CHOC BRANCO GOLD SPECULOOS 600GX6UN;PREMIUM;;
1003885;OVO CHOC AO LEITE LACREME KIDS 180GX12UN;INFANTIL;;
1003943;OVO CHOC CACAU BOLSA FLORZINHA 170GX8UN;INFANTIL;;
1003823;OVO CHOC LACREME PISTACHE 348GX12;LENÇO;;
2006329;PELUCIA COELHO CHEF LIFESTYLE;MAT APOIO;;
